segment,mean,var,std,len_weighted,gaps_squared,n_peaks,smooth10_n_peaks,smooth20_n_peaks,var_div_duration,var_div_len,diff_peaks,diff2_peaks,diff_var,diff2_var,kurtosis,skew
1,8.533143499999998e-07,3.49428315570552e-10,1.8693001780627744e-05,280,279,4,3,2,1.2524312386041289e-12,1.2479582698948285e-12,4,6,1.2711755417075724e-10,2.9606660433502864e-10,0.6311173662492302,0.5520522696354365
2,-3.639396266247381e-06,6.476484614528283e-10,2.5448938316810556e-05,477,476,1,1,1,1.3606060114555216e-12,1.357753587951422e-12,5,8,1.4893834768968185e-12,3.004752494170574e-12,-1.2436105409484075,0.4256322649450154
3,1.1707879512605042e-05,5.59287714097435e-10,2.364926455722112e-05,595,594,3,2,2,9.415618082448399e-13,9.399793514242604e-13,2,3,4.112280202789317e-12,1.0299180074673246e-11,-0.2845925576500123,-0.8261874641934153
4,8.486808235294126e-07,5.46602384661463e-10,2.3379529179636252e-05,272,271,2,2,2,2.016982969230492e-12,2.009567590667144e-12,3,6,2.4757597647001087e-11,6.240984572962385e-11,-0.8870884659002054,-0.1384979514679493
8,1.5204373149999998e-06,1.652298873352987e-10,1.2854177816387116e-05,400,399,3,3,2,4.141099933215506e-13,4.1307471833824674e-13,1,2,1.989722057280419e-11,5.946671994860804e-11,-0.1114814980954337,0.5987550414758036
9,4.173000953307394e-07,1.73340145538637e-10,1.316587048161408e-05,514,513,1,1,1,3.378950205431521e-13,3.372376372347024e-13,4,2,1.1309735970453785e-12,2.510246914573329e-12,-0.8595242578461675,0.3059972421010178
15,-7.767890676616916e-06,1.4598433919622123e-10,1.2082397907543902e-05,201,200,8,2,1,7.299216959811063e-13,7.262902447573198e-13,21,32,4.035516531419921e-12,9.654801934071314e-12,-1.3764193585466062,-0.1466542507753611
19,-5.584398348768473e-06,1.9262978945958084e-10,1.387911342484025e-05,203,202,2,1,1,9.536128191068358e-13,9.489152190127137e-13,29,40,2.3599440551902203e-12,5.479548364194244e-12,-1.2649221065817802,-0.1468441553509792
22,-5.040148853641304e-06,2.2957973930255104e-10,1.5151888968130378e-05,184,183,6,1,1,1.2545340945494592e-12,1.247715974470386e-12,14,15,7.517321168711943e-12,1.5725877456716946e-11,0.5374727443578138,-1.5093964027183435
24,-8.968957113861387e-06,4.0564902046655837e-10,2.0140730385627982e-05,202,201,1,1,1,2.018154330679395e-12,2.0081634676562297e-12,12,13,6.703092841414196e-12,1.307913476781837e-11,-1.3019901857550655,-0.1811360840432008
29,2.5735809424778764e-06,3.991598831456679e-10,1.997898603897775e-05,226,225,4,2,1,1.7740439250918573e-12,1.76619417321092e-12,13,27,6.237984693873817e-12,1.373772180159846e-11,-1.2579965834416331,-0.1848671680237747
51,3.2513048792270545e-06,8.375966271520161e-10,2.894126167173809e-05,207,206,1,1,1,4.066003044427263e-12,4.0463605176425896e-12,18,26,5.002593956460421e-12,1.024830473634244e-11,-1.3118048273573302,-0.0988221558243367
52,-1.8754152574850304e-06,5.697570098170464e-10,2.3869583360776248e-05,167,166,1,1,1,3.432271143476183e-12,3.4117186216589605e-12,33,43,2.505382759431736e-12,5.010278248138061e-12,-1.2205775116636852,-0.2947699527317904
57,3.63203292670157e-06,3.9690255818675715e-10,1.9922413462900453e-05,191,190,2,1,1,2.08896083256188e-12,2.078023864852132e-12,16,29,4.264999474465775e-12,8.612306281625527e-12,-1.2363885717823313,-0.2132621806319292
59,2.892919692307692e-06,2.1281915687004408e-10,1.45883226201659e-05,195,194,2,2,1,1.0970059632476498e-12,1.0913802916412518e-12,4,15,3.111372416656651e-12,6.166965234303396e-12,-1.3743775799641456,-0.069716947064986
60,2.5781327461139894e-06,2.545791623726749e-10,1.5955537044320224e-05,193,192,1,1,1,1.325933137357682e-12,1.3190630174749996e-12,27,26,1.3298934947435105e-12,2.4942697544929287e-12,-1.510190329450101,-0.0282323702724008
62,-4.602417971098265e-06,1.8269593844508818e-10,1.3516506147858188e-05,173,172,2,2,1,1.0621856886342337e-12,1.0560458869658277e-12,1,5,4.238231915108686e-12,6.898922805017506e-12,-1.2990520296010797,-0.1025238130996888
71,2.893392010382513e-06,1.7731739285995887e-10,1.3316057707142864e-05,183,182,1,1,1,9.742713893404333e-13,9.689475019669884e-13,44,52,5.436368282674422e-13,9.315069785279786e-13,-1.1040904271965803,-0.2735371710611026
74,5.308426963350783e-07,2.1922667955327403e-10,1.4806305398487297e-05,191,190,1,1,1,1.153824629227758e-12,1.1477836625825865e-12,13,16,2.330147984264057e-12,3.773585642967591e-12,-1.2258996184457776,0.1034148049537675
80,6.674827876404496e-07,5.137744458321065e-10,2.266659316774593e-05,178,177,2,1,1,2.902680484927156e-12,2.8863732911916096e-12,2,2,6.962235263410451e-11,2.020517843314645e-10,0.4634700531724163,-0.8369032610276442
82,-7.583311739759037e-06,4.3068742204816514e-10,2.075300995152668e-05,166,165,2,1,1,2.6102268002919104e-12,2.5945025424588264e-12,9,26,4.210050502464988e-12,9.279822016730595e-12,-1.4463011708546298,0.0201990359882362
90,4.10232853631285e-06,2.429536738482512e-10,1.5586971285283464e-05,179,178,1,1,1,1.364908280046355e-12,1.3572830941243085e-12,32,34,8.78514743172998e-13,1.5524453321279176e-12,-1.4390862605150303,-0.1161229677640195
95,4.147243346368715e-06,6.28026548113771e-10,2.5060457859220597e-05,179,178,1,1,1,3.528239034347029e-12,3.508528201752912e-12,1,2,1.0047557932407453e-11,1.9378686908980858e-11,-0.8749599126935235,-0.2064508289548608
97,-7.196355608187134e-06,6.804697576918915e-10,2.6085815258333243e-05,171,170,2,1,1,4.002763280540538e-12,3.9793553081397156e-12,1,2,5.4709485894941185e-11,1.6092712328626835e-10,-1.3265286513853711,0.1016824882778344
99,-6.080523601123596e-06,2.9846780421774486e-10,1.7276220773587747e-05,178,177,1,1,1,1.686258780891214e-12,1.676785416953623e-12,1,1,6.760747639954245e-12,1.3071690773946318e-11,-0.3642965800776485,0.0054435665612418
106,4.434545005617978e-06,1.9120541510090828e-10,1.3827704621552642e-05,178,177,2,2,1,1.0802565824910073e-12,1.0741877252860017e-12,1,2,4.330064134269116e-11,1.2931585249754594e-10,0.3660157247453517,0.0650394441445405
121,2.2454212282608697e-06,2.349690394745728e-10,1.5328699862498866e-05,184,183,3,2,1,1.283983822265425e-12,1.2770056493183304e-12,3,6,6.513045969471966e-12,1.2826976891600122e-11,-1.0406986180660247,0.2775466582003152
125,7.562725064161849e-06,4.6297949509214204e-10,2.1516958314133115e-05,173,172,1,1,1,2.69174125053571e-12,2.676182052555735e-12,2,2,6.55581411750908e-12,1.2300614369268376e-11,-1.4248329702693008,-0.0865799000409812
126,5.918951968085106e-06,5.278737627488753e-10,2.297550353635096e-05,188,187,1,1,1,2.8228543462506697e-12,2.807839163557848e-12,15,23,1.3338099666014122e-12,1.6164980112962534e-12,-0.7192408572686344,-0.3122210302439409
127,-7.725837017647058e-06,6.265967225050615e-10,2.5031914079931275e-05,170,169,2,2,2,3.707672914231134e-12,3.685863073559186e-12,2,2,5.92627457251049e-11,1.6650113383188122e-10,-1.3946256926742733,0.0412112620378664
129,-3.199592545945946e-06,5.704154650107844e-10,2.388337214487905e-05,185,184,2,2,2,3.100084048971655e-12,3.0833268378961324e-12,1,2,1.6594510109712626e-11,3.2602290545641697e-11,-0.91979361008989,-0.0044808091943833
134,-1.858890735195531e-06,1.897119955069628e-10,1.377359776917283e-05,179,178,2,2,2,1.0657977275672066e-12,1.0598435503182277e-12,1,1,3.4929054383756886e-11,6.974969863866063e-11,-0.1270711579261507,-0.3417235842882896
136,2.9166292857142864e-06,1.4835877912788038e-10,1.2180261866145588e-05,189,188,1,1,1,7.891424421695766e-13,7.849670853327005e-13,40,47,4.71449596387371e-13,7.311259956967983e-13,-1.5048907687574025,-0.0154254847205833
139,7.0993456620512825e-06,5.15831965425035e-10,2.271193442719125e-05,195,194,2,1,1,2.6589276568300777e-12,2.645292130384796e-12,1,2,5.5801963398854994e-11,1.6470647832844474e-10,-1.2966215800059686,-0.0700483202711926
141,-5.285984036507937e-06,7.147917828834586e-10,2.673559019141823e-05,189,188,3,3,1,3.802083951507759e-12,3.781967105203485e-12,2,5,2.3485162729222453e-11,4.599140120905013e-11,-1.2108317971295934,0.0067994398559526
143,-3.76249284e-06,4.2272862189392705e-10,2.0560365315186572e-05,200,199,1,1,1,2.1242644316277744e-12,2.113643109469636e-12,1,1,9.94107949851559e-12,1.927378860534124e-11,0.0211439257265477,-0.4343601175481853
146,1.9226841573604054e-07,1.8928624708554163e-10,1.3758133851854387e-05,197,196,2,2,1,9.657461585997025e-13,9.608438938352368e-13,1,5,5.769793537903537e-12,1.1371263262769944e-11,-0.6539800984488155,-0.4800756927215989
150,2.265338898617511e-06,1.3622748220699782e-10,1.1671652933796388e-05,217,216,2,1,1,6.306827879953603e-13,6.277764157004509e-13,26,51,6.692201249068052e-13,1.3332062639864765e-12,-1.4890603769227575,0.0019479593487525
151,3.164178822169812e-06,1.1582833516843627e-10,1.0762357323952604e-05,212,211,2,1,1,5.489494557745794e-13,5.463600715492277e-13,2,18,1.826376296937111e-12,3.60756381441748e-12,-1.3783019472212494,-0.0445365880453412
160,6.156609288888878e-07,5.51405733151937e-10,2.3482030004919444e-05,225,224,2,1,1,2.4616327372854333e-12,2.4506921473419423e-12,2,7,2.8720934925361855e-12,5.390838524882769e-12,-0.802509489673739,-0.5833269879792162
162,3.045158715953307e-06,6.31668522281188e-10,2.513301657742636e-05,257,256,1,1,1,2.467455165160891e-12,2.457854172300343e-12,1,5,2.518005440993241e-12,4.7928148830772345e-12,-1.2361360700664434,-0.0865607206049422
163,-5.804209585714285e-06,2.2828397914368475e-10,1.510906943341266e-05,210,209,2,2,2,1.09226784279275e-12,1.0870665673508797e-12,2,2,3.410170924427095e-11,9.96863594773635e-11,-1.0094025089171297,-0.2659266425775475
165,2.2651312456896558e-06,4.6113194738637214e-10,2.147398303497449e-05,232,231,2,2,1,1.9962421964778016e-12,1.9876377042516042e-12,1,7,3.414993229582004e-12,6.315722288721196e-12,-1.368997063096835,0.0094168414015433
166,6.452190948275862e-06,5.687374639473726e-10,2.384821720689772e-05,232,231,1,1,1,2.4620669434951188e-12,2.4514545859800547e-12,5,12,1.7728343702261138e-12,3.0315992800161627e-12,-1.468352043505801,-0.0362892735979425
170,-9.529907714932126e-06,2.847326737856142e-10,1.6874023639476574e-05,221,220,3,2,1,1.2942394262982469e-12,1.288383139301422e-12,3,16,2.825806897474057e-12,5.715622258434287e-12,-0.7054197609054382,-0.6717362687782633
174,3.0582612019202896e-06,1.2270443886641848e-10,1.1077203567074971e-05,276,275,2,2,1,4.46197959514249e-13,4.445813002406467e-13,4,19,1.167915010104813e-12,2.394958964827787e-12,-1.1484231967124183,-0.2313200103446751
176,-2.9451357191633474e-06,1.2677944047642415e-10,1.1259637670743416e-05,251,250,1,1,1,5.071177619056968e-13,5.050973724160326e-13,47,60,3.987809242825326e-13,8.807271221918807e-13,-0.5860973573117447,-0.582709335246371
179,-5.743108445955883e-06,5.41615778053019e-10,2.3272640117808277e-05,272,271,2,2,2,1.998582206837709e-12,1.9912344781360997e-12,1,3,2.153502274057323e-11,5.695634608330962e-11,-1.154320703575232,0.1881230608846961
188,7.2115288273615645e-06,4.2813963864418463e-10,2.0691535434669525e-05,307,306,1,1,1,1.3991491458960285e-12,1.3945916568214485e-12,2,1,1.8698047814132475e-12,3.6885134263616e-12,-1.109411690212349,-0.2124769989012457
191,-5.346578342181819e-06,8.961308728395816e-11,9.46641892607538e-06,275,274,1,1,0,3.270550630801393e-13,3.2586577194166613e-13,69,80,2.899482711169029e-13,7.731650736658986e-13,-0.842751943833298,-0.8455014703426457
192,-1.3641331194444445e-06,2.1907181786110482e-10,1.4801074888706726e-05,360,359,2,1,1,6.102279049055845e-13,6.085328273919579e-13,32,55,5.907294644040084e-13,1.2991242577090481e-12,-1.426620461205589,-0.0303968619978541
193,-2.131730232044199e-06,1.7953251780808559e-10,1.3398974505837589e-05,362,361,2,2,2,4.97319993928215e-13,4.959461817902919e-13,3,6,2.758649891376353e-12,5.791622342779594e-12,-1.2788943826388497,0.0843739144712085
194,-2.522479438670695e-06,1.1317326368979183e-10,1.0638292329588984e-05,331,330,1,1,1,3.429492839084601e-13,3.419131833528454e-13,2,2,2.122322875672187e-12,4.470099080759077e-12,-0.9351172021378428,-0.4471626870008666
195,5.07453661237785e-06,1.7746441813181524e-10,1.3321577163827683e-05,307,306,1,1,1,5.799490788621415e-13,5.780599939147078e-13,2,2,1.5722030463390354e-11,4.201539843437158e-11,1.2731496252625174,1.4718480086714258
197,-7.372667083333335e-07,4.118371139250703e-10,2.0293770323059003e-05,360,359,2,2,1,1.14717859032053e-12,1.1439919831251952e-12,1,3,1.1158628515878956e-11,3.1153748620265126e-11,-0.5857540253033928,-0.8021793183165029
201,-5.399599475806451e-06,5.598374411792185e-11,7.482228552906003e-06,372,371,1,1,1,1.5089957983267348e-13,1.504939358008652e-13,64,81,3.967502534542017e-13,9.71900408956819e-13,-1.5106559654891054,-0.1216109051076716
202,7.4849615947802196e-06,2.8343254635136816e-10,1.683545503844099e-05,364,363,3,2,2,7.808059128136865e-13,7.786608416246378e-13,3,16,2.284553376819741e-12,4.779038674451918e-12,-1.4645320966901652,0.0175520294267232
205,1.1993602360655738e-05,2.976570060266713e-10,1.7252739087654207e-05,366,365,1,1,1,8.154986466484144e-13,8.132705082695937e-13,105,123,2.761303928297889e-13,6.482730524428124e-13,-0.791996159067506,-0.747134493613411
207,-1.7437637487113397e-06,1.9207660675232272e-10,1.3859170492937978e-05,388,387,1,1,1,4.963219812721517e-13,4.950428009080483e-13,31,36,5.622952658732363e-13,1.2374812005937192e-12,-1.2551677674172048,-0.2006331689135973
212,-3.2345738512755098e-06,1.9776540497410636e-10,1.4062908837580736e-05,392,391,1,2,2,5.057938746140827e-13,5.045035841176183e-13,2,3,1.0906849047416252e-11,3.126487378288847e-11,-0.7957637475531518,-0.8117325925619459
214,-1.3118091725000005e-06,5.873722615325412e-10,2.423576410044753e-05,400,399,2,2,2,1.4721109311592517e-12,1.4684306538313534e-12,2,3,2.941218596663443e-11,8.571269151390089e-11,-1.3220762758443247,-0.0521393501344321
238,3.35508804477612e-06,3.4188839066800047e-10,1.849022419193452e-05,536,535,6,5,3,6.390437208747672e-13,6.378514751268665e-13,8,13,3.202793375702908e-11,7.243442056393251e-11,-0.6667261958505706,-0.4583999339906204
241,4.915656410820895e-06,6.478290416898054e-10,2.5452485962864323e-05,536,535,2,2,2,1.2108954050276736e-12,1.2086362718093385e-12,2,2,1.2962403033328478e-11,3.661370775744458e-11,-1.1437299666218226,-0.0780857575966464
244,1.4931851469962168e-05,1.6008012875339383e-10,1.2652277611299629e-05,793,792,2,2,2,2.021213746886286e-13,2.01866492753334e-13,54,146,3.5268270812454805e-13,9.096163604678225e-13,-1.41797791141978,-0.2397532075636403
246,-8.350868078544063e-06,3.7574951503722657e-10,1.938425946579406e-05,522,521,2,2,1,7.212082822211643e-13,7.19826657159438e-13,2,4,6.4925346260344615e-12,1.312791762642635e-11,-1.3818016718146815,0.0730974859952828
247,-1.736462774183515e-05,1.2467229166461112e-10,1.1165674707092763e-05,643,642,12,1,1,1.9419360072369333e-13,1.9389158890297218e-13,72,100,2.4062796960406216e-12,6.062557858701941e-12,-0.9460466355418689,-0.4723292756804695
248,6.546988954975766e-06,3.5330655776946997e-10,1.879645066946071e-05,619,618,4,2,2,5.716934591738996e-13,5.70769883310937e-13,19,40,5.497335181695067e-12,1.2205853402912987e-11,-1.140642542992618,-0.4412526060802827
249,2.1150898966987177e-05,2.64451432830065e-10,1.62619627606899e-05,624,623,4,3,3,4.244806305458508e-13,4.238003731251042e-13,4,7,1.552543646932856e-11,4.085163479439616e-11,-1.1015301780437343,-0.1827180447938876
250,5.8921637563894525e-06,4.253920615684151e-10,2.062503482587157e-05,493,492,2,2,2,8.64618011317917e-13,8.628642222483067e-13,13,23,6.28662909196125e-12,1.2809247400003684e-11,-0.6444999253611763,0.1801441865242661
253,2.4247871342412445e-06,1.5627987557554582e-10,1.2501194965904093e-05,514,513,4,2,2,3.046391336755279e-13,3.0404645053608137e-13,42,60,2.4985222007595123e-12,6.632008414694614e-12,-0.4260448385519524,-0.5659218445023012
263,-1.1451238251552795e-05,2.0297086362992622e-10,1.4246784325942688e-05,483,482,12,2,1,4.211013768255731e-13,4.2022953132489897e-13,48,81,4.201558212877509e-12,1.0501982295311424e-11,-1.2390920610011091,-0.2168735105701833
264,-3.349303167796609e-06,1.381390864756979e-10,1.1753258547130576e-05,472,471,5,4,2,2.932889309462801e-13,2.9266755609258033e-13,13,33,2.1647660138700357e-12,4.6700930012770906e-12,-1.11745986463876,-0.3655351928447585
269,-7.375646509772726e-06,1.104330446796475e-10,1.0508712798418627e-05,440,439,2,2,2,2.5155591043199884e-13,2.509841924537443e-13,1,4,2.9116720372524935e-12,5.926026285943069e-12,-1.3624941972923057,-0.1752895650172443
272,1.215984125e-05,3.4849514472647264e-10,1.8668024660538475e-05,462,461,2,2,1,7.559547607949515e-13,7.543184950789451e-13,1,2,4.483074340050069e-11,1.3385100578170428e-10,-0.600378064555855,0.2733122442101903
280,-1.447786809374999e-06,3.8431895640312256e-10,1.9604054590903447e-05,416,415,1,1,1,9.260697744653555e-13,9.23843645199814e-13,5,3,1.5498688488342998e-12,3.229306547479851e-12,-1.2635866936959697,0.1967479595936789
282,-4.01535671822542e-06,1.0667798605326795e-10,1.0328503572796396e-05,417,416,2,2,1,2.564374664742018e-13,2.5582250852102624e-13,34,66,5.601049214338437e-13,1.2550640598661324e-12,-1.3603096927900593,0.0853503443228762
283,-1.2997764143235903e-06,1.0257918369536444e-10,1.012813821466534e-05,479,478,2,2,2,2.1460080270996745e-13,2.141527843327024e-13,2,3,5.702212266111727e-12,1.551912383060802e-11,-0.8983877456357119,-0.2663212781306946
284,4.584135606444444e-06,2.2982560926907478e-10,1.5160000305708267e-05,450,449,2,2,1,5.118610451427055e-13,5.107235761534994e-13,39,70,1.7171059641915452e-12,4.476209553190461e-12,-1.4114754258587183,-0.0032655867998753
286,4.547663381995135e-06,5.194300031535355e-10,2.2791007067559248e-05,411,410,3,2,2,1.2669024467159409e-12,1.2638199590110357e-12,2,5,5.997632983890291e-12,1.1986270415168944e-11,-1.4030188753127373,0.1325468431565319
288,3.134955192743767e-07,3.0481837828562616e-10,1.7459048607688397e-05,441,440,2,2,1,6.927690415582414e-13,6.911981367021002e-13,2,3,1.7687948272939398e-11,5.2041584651091436e-11,-1.1415300029107096,0.1339630009029291
290,4.777621143181818e-06,2.367835825878268e-10,1.5387773802205007e-05,440,439,2,1,1,5.393703475804711e-13,5.381445058814245e-13,2,6,1.5779017972986626e-12,3.333696637497099e-12,-1.3090296445833978,-0.0202883469741582
291,3.7685600110375258e-06,4.997092838763163e-10,2.2354178219659885e-05,453,452,2,2,2,1.1055515130006999e-12,1.1031110019344734e-12,2,4,1.5386754018634403e-11,3.863921474949943e-11,-1.292495158580652,0.063716704249958
293,2.3156192428571427e-06,2.9298218148800724e-10,1.7116722276417505e-05,441,440,2,2,2,6.658685942909255e-13,6.643586881814223e-13,1,4,1.2326506633859585e-12,2.543550423704264e-12,-1.3067146590575869,-0.0494912447544697
294,-4.3166904930555654e-07,1.4897943594562476e-10,1.220571325018021e-05,432,431,2,3,2,3.456599441893846e-13,3.4485980542968694e-13,1,2,1.6399160091115227e-11,3.296824867133044e-11,1.7181707814991407,0.7141639236088707
295,-1.220345450669643e-06,9.708754862031471e-11,9.853301407158657e-06,448,447,2,2,2,2.1719809534746025e-13,2.1671327817034538e-13,4,29,8.944096199138253e-13,1.8905677582589186e-12,-1.5077249486254316,-0.1049344990807841
296,-1.0136428231578944e-07,2.701287119374696e-10,1.6435592838028984e-05,475,474,2,2,2,5.698917973364337e-13,5.68692025131515e-13,2,3,5.235635181171154e-12,1.3060418767009665e-11,-1.1393629841202728,-0.2079527061976161
297,-1.8269767923387108e-06,5.127817863928171e-10,2.2644685610377047e-05,496,495,3,3,2,1.03592280079357e-12,1.033834246759712e-12,2,5,4.942300184589721e-12,1.0088228480409039e-11,-1.3963101803074935,0.1739723529346178
298,-6.823789934354536e-08,3.2099154180390993e-10,1.791623682037916e-05,457,456,2,2,2,7.039288197454165e-13,7.023884941004595e-13,1,2,5.217062351749592e-12,1.0479527033893671e-11,-0.6099825903443534,0.1755993525079876
299,8.410616911622717e-06,2.8290332434909044e-10,1.6819730210353863e-05,493,492,3,3,2,5.750067568070945e-13,5.738404145011976e-13,2,6,2.5322775415357718e-12,5.2495683355623145e-12,-1.4575346708180283,0.0084621013470693
300,2.14393720102e-06,1.0229725250070725e-10,1.0114210423987988e-05,500,499,2,2,2,2.050045140294735e-13,2.0459450500141453e-13,1,12,1.3076830573515456e-12,2.797619988192444e-12,-1.249226146118187,0.2590925391163488
305,1.4230006739130436e-05,4.852550626571153e-10,2.2028505683707087e-05,552,551,2,2,1,8.806806944775236e-13,8.790852584368033e-13,1,3,1.525744747651592e-12,3.092422985916868e-12,-1.4081000535126482,0.0489697023936481
307,-5.958848278734623e-06,3.1618721864172404e-10,1.7781653990608523e-05,569,568,2,2,2,5.566676384537395e-13,5.556893121998666e-13,2,5,2.162528556504376e-12,4.451473237244772e-12,-1.2621448603204417,-0.2464441127892514
311,3.606775556634309e-07,1.4147830881866948e-10,1.1894465470069242e-05,618,617,2,1,1,2.2930033844192793e-13,2.289293022955817e-13,51,122,3.341911029483344e-13,8.400681336524097e-13,-1.1747755380848224,-0.1911037968919151
312,-8.781999760368665e-06,2.3558021668845084e-10,1.5348622631638673e-05,651,650,2,2,2,3.6243110259761676e-13,3.618743727933193e-13,1,4,1.595918687873837e-12,3.3822438058520327e-12,-0.9700192847627336,-0.3413720934413149
313,-2.107213661595548e-06,6.881869708732e-10,2.623331795395314e-05,539,538,3,2,2,1.2791579384260222e-12,1.2767847326033396e-12,2,2,2.021696731012821e-11,5.820161765916799e-11,-1.3862665580217983,0.161089327750751
316,-1.4751074032738093e-06,4.1548226731569875e-10,2.0383382136331023e-05,672,671,2,2,2,6.19198610008493e-13,6.182771835055042e-13,1,9,9.651751135273997e-13,2.0124205700687684e-12,-1.2950515651245007,-0.0033923456841708
319,1.2491965480546447e-05,1.3408859313534451e-10,1.1579662911127617e-05,915,914,5,5,4,1.4670524413057388e-13,1.4654491053043117e-13,4,11,3.101651054064827e-12,6.375139722462109e-12,-1.2541567588336688,-0.2610796486677867
321,8.031183383233542e-07,3.6429607104513277e-10,1.9086541620868164e-05,668,667,3,2,2,5.461710210571706e-13,5.453533997681628e-13,3,6,1.0611866374084224e-11,2.7525056822867767e-11,-0.8732232889205882,-0.0140435672431028
322,1.6642899749326924e-05,3.3746451880361675e-10,1.837020736964112e-05,1040,1039,3,3,3,3.24797419445252e-13,3.2448511423424693e-13,3,5,1.6893681166777756e-11,4.8192431358366997e-11,-0.4720169656041499,-0.3099380484185569
324,3.470419385213033e-06,3.7788277489937353e-10,1.943920715717011e-05,798,797,4,4,4,4.741314616052365e-13,4.735373119039769e-13,4,8,5.844651187931543e-12,1.1699643418730053e-11,-0.93417799811181,-0.3988210461850471
325,1.8137951165236684e-05,1.1296771875096542e-10,1.0628627322047069e-05,676,675,2,2,2,1.6735958333476357e-13,1.6711200998663524e-13,2,2,1.1859176407834736e-11,2.378213405840108e-11,1.799849000819484,-1.091506037374902
330,4.0001104458699474e-06,1.8307383623761408e-10,1.3530478049116154e-05,569,568,2,1,1,3.223130919676305e-13,3.2174663662146593e-13,1,1,5.787919664757835e-12,1.7139849137961395e-11,-1.0353505238817915,-0.2682481117863914
443,-1.071573578275862e-05,2.7219739244729657e-10,1.649840575471753e-05,290,289,2,2,2,9.418594894370125e-13,9.386116980941261e-13,1,8,1.571154089659222e-12,2.8603939668623684e-12,-1.4115365863417595,-0.0219577861282977
446,1.0027554398039216e-05,4.947987851411544e-10,2.2244073033982656e-05,306,305,1,1,1,1.6222910988234573e-12,1.6169894939253414e-12,1,1,4.711994827072925e-12,9.190753074738548e-12,-1.2030433114404222,-0.0608868908741885
447,-7.449758527651515e-06,4.188164719317612e-10,2.046500603302528e-05,264,263,2,2,2,1.5924580681816013e-12,1.58642603004455e-12,2,4,4.243098659800062e-11,1.1750729040888304e-10,-0.8731875899637767,-0.314248248922415
451,-1.8914122591078064e-06,1.740622077458452e-10,1.3193263726077987e-05,269,268,2,2,2,6.4948584979793e-13,6.470714042596476e-13,1,4,2.7917012958181168e-12,5.903581693057098e-12,-1.381205364670891,0.1249975769995976
453,-7.011938404942958e-07,2.347243010782354e-10,1.5320714770474497e-05,526,525,1,1,1,4.470939068156864e-13,4.46243918399687e-13,160,178,2.531519965864975e-13,5.989030983118799e-13,-0.7189908976565844,-0.8049939104405839
457,-5.764011471861473e-06,6.254211151514806e-10,2.5008420884803597e-05,231,230,1,1,1,2.7192222397890457e-12,2.7074507149414746e-12,1,1,8.440556981368867e-12,1.6065785942281647e-11,-0.8148714287875949,0.3737089681744129
463,-6.9798363743842375e-06,1.6379542426209222e-10,1.2798258641787648e-05,203,202,2,2,1,8.108684369410505e-13,8.068740111433115e-13,17,31,2.309042628891923e-12,5.41242986242641e-12,-1.2452389731108764,-0.1470121268886309
464,-4.447216589041096e-06,4.0894220429578106e-10,2.0222319458849945e-05,292,291,2,2,2,1.4052996711195228e-12,1.400487001012949e-12,2,8,7.849178437575183e-12,1.6104291712436322e-11,-1.0053744562468685,0.1460355115778962
465,1.511107478991596e-06,3.090228345103183e-10,1.7579045324201148e-05,238,237,2,2,2,1.3038938164992333e-12,1.2984152710517574e-12,2,3,5.1021887680935e-11,1.4571895849633248e-10,-0.0795256839943561,-0.8162222758285417
467,5.746536894736844e-06,7.876351447803831e-10,2.8064838228295264e-05,228,227,1,1,1,3.469758347050146e-12,3.4545401086858912e-12,6,6,3.4888166318360093e-12,6.77732976546407e-12,-1.142303519330636,-0.2242401355029765
468,-2.428640838235295e-06,4.3567153787028526e-10,2.087274629439752e-05,204,203,1,1,1,2.1461652111836717e-12,2.135644793481791e-12,11,12,3.270923624772563e-12,7.848802751414099e-12,-0.6213584834457739,-0.6428609021149603
473,3.161302659292033e-07,3.383208085041524e-10,1.8393499082669192e-05,226,225,2,2,1,1.5036480377962329e-12,1.4969947278944796e-12,8,15,3.986197024701912e-12,8.08635619393976e-12,-1.2414977471014432,-0.011359904498848
474,-3.643050717045455e-06,4.842687947996303e-11,6.958942411025043e-06,176,175,2,1,1,2.767250255997887e-13,2.7515272431797176e-13,10,9,1.8743677328866224e-12,4.296545750825645e-12,-0.8419861801360411,-0.6132750172084654
475,4.515496298984771e-06,1.16578473930887e-10,1.0797151195148053e-05,197,196,1,1,1,5.947881323004439e-13,5.917689032024721e-13,13,10,9.366889437909698e-13,1.8417656214439857e-12,-1.2208385814724616,-0.0612992764276907
484,-9.4691376e-06,2.0278668235541399e-10,1.4240318899358046e-05,180,179,2,1,1,1.1328864936056645e-12,1.1265926797522997e-12,14,20,1.2307374206461425e-12,2.7670566562543597e-12,-1.4730875577197486,-0.0343980452672361
495,4.4621757225130886e-06,5.872483136132846e-10,2.4233206837174575e-05,191,190,3,2,1,3.0907805979646565e-12,3.0745985005931137e-12,2,7,3.9332831436291904e-11,6.937326595896353e-11,-1.1184283374508373,-0.229397551612463
501,2.4630414270833336e-06,3.1787691977801675e-10,1.782910316807934e-05,192,191,2,2,1,1.6642770669006117e-12,1.6556089571771708e-12,5,15,5.040070940022973e-12,1.0762796642908454e-11,-0.996242677549274,-0.2521633134010896
502,-2.970854078313254e-06,1.0248916080201671e-10,1.0123693041672922e-05,166,165,4,3,1,6.211464291031317e-13,6.174045831446791e-13,5,12,9.963070141334106e-12,2.032855172056466e-11,-0.4669911147027763,-0.6232225293138468
506,-4.015726252808988e-06,2.6414278455598587e-10,1.625247010629418e-05,178,177,2,1,1,1.4923321161355137e-12,1.4839482278426174e-12,1,6,2.2333090944141408e-12,4.081588315657727e-12,-0.9285198500386956,-0.3624669022924857
514,-4.524261343023255e-06,1.8860818350341382e-10,1.3733469463446367e-05,172,171,2,2,1,1.1029718333532973e-12,1.0965592064151969e-12,2,13,1.7505866225516609e-12,3.2342787520206786e-12,-1.0156005957597007,-0.4147676136446371
517,6.510618518518501e-08,6.659351741823549e-11,8.160485121500772e-06,162,161,1,1,1,4.136243317902825e-13,4.1107109517429325e-13,3,1,2.4695263483031797e-12,4.991032950207938e-12,-0.884827118688762,-0.3453811378548269
518,1.4988065863874345e-06,2.1147991894082755e-10,1.4542349154824592e-05,191,190,1,1,1,1.113052204951724e-12,1.1072247064964793e-12,1,1,1.2673488661483195e-11,3.591918076492065e-11,-0.8426148860731448,-0.3033768049381009
525,3.928754457142857e-06,6.898856316682082e-10,2.6265674018920745e-05,175,174,1,1,1,3.964859952116139e-12,3.942203609532618e-12,37,53,2.144712400531904e-12,3.4801756369188124e-12,-1.3314447490337171,0.0058847122806329
526,-2.567113808235294e-06,5.210297586699145e-10,2.282607628721841e-05,170,169,2,2,1,3.0830163234906198e-12,3.0648809333524388e-12,2,4,5.803615631219481e-12,1.0835466682207243e-11,-1.1340324741240015,-0.2769801674810336
534,-6.986181675977654e-07,2.0000833012047448e-10,1.414243013489812e-05,179,178,2,2,1,1.1236423040476094e-12,1.1173649727400808e-12,1,2,4.543564979131482e-12,8.918525503489127e-12,-1.302728549444946,-0.0464904613871953
539,-4.545543016304348e-06,3.8296916807845974e-10,1.9569598056129303e-05,184,183,2,2,2,2.092727694417813e-12,2.0813541743394557e-12,1,2,1.295919393467186e-11,2.5482486892953148e-11,-0.7126271169461913,-0.0723660286092291
541,-3.978198005882353e-06,6.599194174445847e-10,2.5688896773598213e-05,170,169,2,2,1,3.904848623932454e-12,3.881878926144616e-12,1,3,2.9631715896940915e-11,7.397554174097264e-11,-1.1880321868763484,-0.0101743705798095
548,-2.237841547486033e-06,1.9518356121687448e-10,1.3970811043632163e-05,179,178,1,1,1,1.0965368607689577e-12,1.0904109565188518e-12,38,44,6.782467927172651e-13,1.1857555022739098e-12,-1.510108141534404,0.0333688132462481
549,-3.9004963190184033e-07,1.2828710678489393e-10,1.132638983899521e-05,163,162,2,2,1,7.918957208944069e-13,7.870374649379995e-13,1,2,5.654995904113586e-11,1.6829117419127134e-10,3.2706862452997605,0.3860086622677174
562,-2.1904585055555555e-06,5.135813689510475e-10,2.2662333704873543e-05,180,179,2,1,1,2.8691696589444007e-12,2.85322982750582e-12,2,3,2.2567059658442548e-11,5.1707194724401215e-11,-1.3938524709107605,-0.0825066597335835
570,5.798176829896908e-06,6.141588712069874e-10,2.4782228939443437e-05,194,193,1,1,1,3.1821703171346507e-12,3.165767377355606e-12,1,1,6.254610699593568e-12,1.1356505065961677e-11,-1.317755470211787,0.0715518148824653
571,-2.93373433908046e-06,7.572117639294512e-10,2.7517481060763016e-05,174,173,2,1,1,4.376946612308967e-12,4.351791746720984e-12,1,1,3.640618106343097e-11,1.0536611200784959e-10,-1.37650365724018,-0.0525631529266587
573,-5.823235721311476e-06,6.968868213303102e-10,2.639861400396449e-05,183,182,1,1,1,3.8290484688478576e-12,3.808124706723007e-12,1,1,7.472346443158271e-12,1.3552977462478552e-11,-1.283291267062184,-0.2906108170883721
578,-2.014020322222222e-06,1.5770360666355238e-10,1.2558009661708036e-05,180,179,2,2,1,8.81025735550572e-13,8.761311481308465e-13,2,3,2.1560049877531808e-11,4.28479428937504e-11,0.3510213755271127,-0.5798384008818683
579,-8.532835232558139e-07,1.1769918155933584e-10,1.0848925364262393e-05,172,171,2,2,1,6.88299307364537e-13,6.84297567205441e-13,1,3,3.399091893034279e-12,6.533922622802891e-12,-1.3013140875018387,-0.1538658650254473
583,-2.1673943737113404e-06,4.3385858520364555e-10,2.0829272315749428e-05,194,193,2,2,2,2.24797194406034e-12,2.236384459812606e-12,1,3,2.9246393255875896e-11,7.820510244256383e-11,-1.0043174824855623,0.2271831297825001
587,-1.5552824307692304e-05,3.1611409457242145e-10,1.7779597705584385e-05,195,194,1,1,1,1.6294540957341317e-12,1.6210979208842129e-12,1,3,2.56451577609813e-12,4.187942810283249e-12,-1.3762819913374904,-0.5134175414095293
592,-1.275361303076923e-06,8.774068800372643e-11,9.36699994682003e-06,195,194,2,2,1,4.5227158764807443e-13,4.499522461729561e-13,3,7,1.6598144613669097e-12,3.4895872430821245e-12,-0.8586737228239278,-0.4961004971757697
593,-2.1547941321951217e-06,1.2088117069354011e-10,1.0994597341128055e-05,205,204,2,2,1,5.925547583016673e-13,5.896642472855615e-13,1,5,2.8726889629900364e-12,5.627241637167845e-12,-1.4369448901212476,-0.1176510849457859
595,2.233324222748815e-06,1.1855512224142902e-10,1.0888302082576008e-05,211,210,2,1,1,5.64548201149662e-13,5.618726172579574e-13,25,34,6.80867531135732e-13,1.4000799933249873e-12,-1.340737674702476,-0.0324978817711657
604,-1.1587311778468898e-05,2.672247300298246e-10,1.6347009819224574e-05,209,208,2,2,2,1.2847342789895413e-12,1.278587225023084e-12,1,3,1.5553477663537176e-11,3.1265062922282936e-11,-0.7753039716572827,-0.5442391892137586
606,5.946156154978357e-06,3.7123312359422886e-10,1.926741092088475e-05,231,230,2,2,1,1.614057059105343e-12,1.6070697991092162e-12,1,3,1.2631867988149988e-11,2.5174790957650503e-11,-0.6808751053871167,-0.4370166380807675
607,2.158126847533632e-06,2.9226704255462016e-10,1.7095819446713286e-05,223,222,2,1,1,1.3165182097054962e-12,1.3106145406036778e-12,1,1,2.408617291864031e-11,7.17669958307965e-11,-0.9889775425097632,-0.2801376534846925
609,-1.302382489270386e-07,5.059906822346824e-10,2.2494236644853773e-05,233,232,2,2,2,2.180994319977079e-12,2.171633829333401e-12,2,3,6.984612955640601e-12,1.3197843141225931e-11,-1.3663339234846343,-0.1100447480980243
617,2.3606182200000008e-06,1.5656883710274948e-10,1.2512746984685238e-05,300,299,2,2,1,5.236415956613696e-13,5.218961236758317e-13,1,12,1.8293868884310737e-12,3.732664935061863e-12,-1.3299406660932485,-0.1329220869905339
626,-1.3439459567655788e-05,1.5447235543644704e-10,1.24286908174774e-05,337,336,2,2,2,4.597391530846639e-13,4.583749419479142e-13,1,3,5.0255738588886585e-12,1.0158765212788993e-11,-1.0123959935635545,-0.5672862874843846
634,-2.289782940502513e-06,2.9616813862966727e-10,1.72095362700355e-05,398,397,3,2,2,7.460154625432426e-13,7.44141051833335e-13,4,8,5.676023932685339e-12,1.154770524843956e-11,-0.9185141188270416,-0.7313333150034609
635,4.560616185185184e-06,1.6048893867154924e-10,1.2668422895986274e-05,297,296,2,1,1,5.421923603768557e-13,5.403667968739031e-13,1,4,3.421549179662884e-12,7.041850570801138e-12,-0.753669931429882,-0.8443159077969206
637,7.428311561827965e-07,2.0013048205490775e-10,1.4146748108837868e-05,372,371,2,2,2,5.39435261603525e-13,5.379851668142683e-13,3,12,1.28500304957818e-12,2.653572908470577e-12,-1.36252350715378,-0.0928527596130259
639,-3.1841948042253533e-06,2.204289427884685e-10,1.4846849591360064e-05,355,354,3,2,1,6.226806293459561e-13,6.209265994041365e-13,3,3,2.113084331428511e-11,6.160664904323941e-11,1.1270384665511024,-0.727004881188215
641,-2.5333686930091185e-05,1.2892159509773188e-10,1.1354364583618578e-05,329,328,2,2,3,3.93053643590646e-13,3.918589516648386e-13,2,2,5.144291141983158e-11,1.505520283254357e-10,4.857953184279241,-1.2294571196622253
642,2.4462507998254803e-06,7.835468816684894e-10,2.79919074317648e-05,573,572,2,2,2,1.3698372057141422e-12,1.3674465648664737e-12,2,2,2.0037118836700728e-11,5.584422526282879e-11,-1.2436133799976543,0.0723100480254811
645,-8.542883764776122e-06,1.1672585917142394e-10,1.0803974230412803e-05,335,334,2,2,2,3.4947862027372445e-13,3.4843540051171334e-13,2,4,2.4750723661311682e-12,5.239170318158857e-12,-0.2902265994752193,-1.0007413097515363
646,-6.354020421367522e-06,2.4591697265060247e-10,1.568174010276291e-05,351,350,2,2,2,7.026199218588645e-13,7.006181556997223e-13,1,4,2.2041589290087147e-12,4.599174340818868e-12,-1.330005678273515,-0.0341507383775416
648,-2.205278111888112e-05,9.704970016432881e-11,9.851380622244215e-06,286,285,1,1,1,3.405252637344871e-13,3.3933461595919174e-13,2,3,3.585515694721033e-11,7.133825191467117e-11,31.201842346507235,4.374560239157033
650,-3.3535688905444143e-06,1.265614553803883e-10,1.1249953572365904e-05,349,348,2,2,2,3.6368234304709294e-13,3.626402732962417e-13,1,3,4.560469874766701e-12,9.32262514401934e-12,-0.5678205357266006,-0.6968804891506
653,-3.0849258865979383e-06,3.238299067443041e-10,1.799527456707188e-05,388,387,2,2,2,8.367697848690029e-13,8.346131617121239e-13,1,2,4.57350836995033e-12,9.259463058702424e-12,-1.140188378634576,0.1123737015212745
657,-1.5673420758928692e-07,6.88769859439348e-10,2.6244425302135084e-05,448,447,2,2,2,1.540872168768117e-12,1.5374327219628309e-12,2,3,2.963637247341221e-11,8.429265415101735e-11,-1.4200447904710456,0.047637110787798
662,2.625470122897474e-06,4.600884564906194e-10,2.144967264297102e-05,673,672,3,2,1,6.846554412062789e-13,6.836381225714998e-13,2,3,5.385482679593137e-12,1.4869142018594828e-11,-1.269065482332875,-0.1880213089239865
736,-7.98615786885246e-06,7.828400007408366e-10,2.7979278059679032e-05,305,17100,2,1,1,1.8639047636686585e-12,1.283344263509568e-11,1,2,6.910843322587391e-11,1.5817270652949946e-10,-1.0871864130564413,0.4568396769178345
754,-3.257308275862069e-05,1.1794781068590965e-10,1.0860378017634084e-05,290,1447,4,4,1,4.109679814840058e-13,2.0335829428605112e-12,3,5,2.133507298996922e-10,6.516490748172957e-10,1.7469629919185028,1.1146954377330114
755,-3.6464157894736845e-05,2.5401845508717456e-10,1.5937956427571717e-05,190,925,6,3,1,1.3730727302009436e-12,6.6846961865045925e-12,5,9,6.221186785837837e-10,1.7903627983808335e-09,1.3747323995039429,1.8012970963937087
768,-3.640270488372093e-06,9.747941565202999e-11,9.873166445068674e-06,215,1050,2,1,1,4.641876935810953e-13,2.266963154698372e-12,1,3,1.1173958706221247e-11,1.834207216360796e-11,-1.0762783740660795,0.0069763688824431
790,1.790393895833333e-06,9.730890272598302e-10,3.11943749297823e-05,240,1175,3,1,1,4.140804371318427e-12,2.0272688067913133e-11,2,5,2.2256342489950511e-10,4.848704877599507e-10,-1.0102631583825226,0.1042697489377307
818,0.148468412,0.0103372666010771,0.1016723492453929,75,17225,1,1,1,5.301162359526742e-05,0.0006891511067384,1,2,0.0032325992288362,0.0069414157385772,-1.5366964779858847,-0.117785994334754
819,0.2130439724999999,0.0158583479008594,0.125929932505578,180,875,3,1,1,9.061913086205396e-05,0.0004405096639127,3,4,0.0014491724002785,0.0004210890789952,-1.0462057386524093,-0.4008217004120396
852,0.0640333413294797,0.0027820199372107,0.0527448569740288,173,172,5,2,1,1.6174534518667227e-05,1.608104009948418e-05,24,27,3.903862271489806e-05,8.809883726078364e-05,-1.408737874998834,-0.0075191643429144
854,0.055367374074074,0.0036848888047788,0.060703284958714,162,161,1,1,1,2.2887508104216355e-05,2.27462271899928e-05,19,15,4.768664677552718e-05,7.902069969944377e-05,-0.6478760760792865,0.9406828021599412
859,0.0500184452592592,0.0040888493975053,0.0639441115154893,135,134,1,1,1,3.051380147392044e-05,3.028777331485436e-05,11,17,5.334519255812388e-05,8.139858863771276e-05,-1.0109071714214173,0.788950826831794
875,0.0092742990076335,0.0002921221922651,0.0170915824973927,131,130,6,1,1,2.2470937866552416e-06,2.2299403989708504e-06,7,11,1.4120254113721536e-05,2.017269128593333e-05,0.3083194044487261,1.4375843304929
877,0.0224477993939393,0.0008245854115777,0.0287155952676901,132,131,1,1,1,6.294545126548019e-06,6.246859178619626e-06,9,20,2.9523777429229982e-05,4.774115017447692e-05,-0.9054528418096086,0.8159361981640212
882,0.0823982205729166,0.0040947576834987,0.0639902936662952,192,191,4,1,1,2.143852190313457e-05,2.132686293488908e-05,37,42,9.096234388929424e-05,0.00022623628193,-1.4090643775336635,-0.0621602977121008
885,0.11801639503937,0.0071953401572322,0.0848253509113414,127,126,1,1,1,5.7105874263747785e-05,5.665622171048993e-05,19,23,8.150756668165687e-05,0.0001543570902078,-1.3823515417430696,0.3761384274158803
888,0.0565759653435114,0.0029392998157057,0.0542153097907385,131,130,3,1,1,2.260999858235193e-05,2.243740317332634e-05,19,24,5.292307178243976e-05,0.0001017073682503,-1.2022730894680629,0.4729141384731782
891,0.0708527306504065,0.0050712694496437,0.0712128460998696,123,122,1,1,1,4.156778237412884e-05,4.122983292393267e-05,18,21,8.515663578494918e-05,0.0001810459939344,-1.3271803556035426,0.4642453856665233
897,0.0074997257142857,0.0001883170631881,0.0137228664348304,105,104,5,1,1,1.810740992194192e-06,1.7934958398875803e-06,6,9,1.333616109326923e-05,2.2022404462135926e-05,-0.0464637548755555,1.3536858600488548
907,0.0381997561904761,0.0011264423660151,0.0335625142981748,147,146,10,1,1,7.715358671336932e-06,7.662873238198586e-06,27,36,4.1249355846162166e-05,0.0001080577698818,-1.668169040115447,0.124028133336559
911,0.2269197514748201,0.0360964242786429,0.1899905899739324,278,277,3,1,1,0.0001303120010059,0.0001298432528008,18,18,0.0001414785048808,0.0002852511934876,-0.96412891886244,0.4445424076235583
915,0.2183654574829931,0.0308158372578776,0.1755444025250525,294,293,2,2,2,0.0001051735059995,0.0001048157729859,20,35,9.41082264984983e-05,0.0001206477624318,-1.5014638863490053,-0.0179940796064289
919,0.187888653525641,0.0402365745229915,0.2005905643917268,312,311,2,1,1,0.0001293780531285,0.0001289633798813,39,49,9.436122980231508e-05,0.0001328933303266,-0.4203804427166648,0.9072173512513824
926,0.2442516557042253,0.1163404046255532,0.3410870924346936,284,283,1,1,1,0.0004110968361326,0.0004096493120618,14,17,0.0003330014464047,0.0005560121301789,-0.1468435447254008,1.2089429265430802
945,0.2143792146131805,0.066049138944233,0.2570002703193774,349,348,1,1,1,0.0001897963762765,0.0001892525471181,49,75,8.532917969293105e-05,7.144711599919314e-05,-0.1905632799986061,1.1170644855942395
946,0.227076624,0.0366209757154057,0.1913660777551909,350,349,3,2,2,0.0001049311625083,0.0001046313591868,36,50,8.219951480126075e-05,9.160387923086204e-05,-1.2162229372773934,0.260888017061804
950,0.20929979,0.0675770286063003,0.2599558204893677,337,336,2,1,1,0.0002011221089473,0.000200525307437,44,51,0.0001076674850627,0.0001151940926582,-0.2078925294818234,1.1446999452025175
951,0.2249691826646706,0.0492161187273104,0.2218470615701512,334,333,2,1,1,0.0001477961523342,0.0001473536488841,21,24,0.0001059814634431,0.0001626293965785,-0.5895276060192178,0.7522621927288948
955,0.2778585702493765,0.0860725614025041,0.2933812560517528,401,400,3,2,2,0.0002151814035062,0.0002146447915274,55,81,0.0001147861409816,0.0001352805681356,-0.1501552937846866,1.070467556435933
960,0.0830906228260869,0.0085490870470541,0.0924612732286017,184,183,2,1,1,4.671632266149811e-05,4.646242960355519e-05,23,36,4.989789253224046e-05,8.709442776791216e-05,-1.1716588151682945,0.645290614529935
962,0.0896146555172413,0.0108772775645713,0.1042941875876665,203,202,4,1,1,5.38479087355019e-05,5.358264810133687e-05,22,32,8.252791363174157e-05,0.000184629853397,-1.0866592470948977,0.7188496783844716
964,0.0477521472826086,0.0035162723679158,0.0592981649624662,184,183,2,1,1,1.921460310336537e-05,1.911017591258621e-05,17,28,3.713939684863388e-05,7.513913140714283e-05,-1.0095960739553966,0.768774762662173
966,0.0448529241935483,0.003215355891743,0.0567041082439625,186,185,2,1,1,1.738030211752982e-05,1.728685963302697e-05,17,27,3.073036526637836e-05,5.320819188782605e-05,-0.977159214906421,0.7820198968789203
972,0.0650250148148147,0.0017343648222442,0.0416457059280332,189,188,6,2,2,9.225344799171412e-06,9.176533451027648e-06,26,33,4.591552004865635e-05,0.0001073137522324,-1.1453537547406063,-0.7440926871781989
975,0.0594630747080291,0.0055273016353644,0.074345824599398,274,273,3,1,1,2.0246526136866136e-05,2.017263370570969e-05,33,37,5.898424295276486e-05,0.0001243749535949,-0.5026293798373165,1.00656234179534
978,0.0290851309743589,0.001566862297267,0.0395836114732727,195,194,2,1,1,8.07660977972686e-06,8.035191268035954e-06,18,24,2.275982326172372e-05,4.596614065560209e-05,-0.689644716872424,0.9413026349412728
1013,2.2971141389430892e-05,3.522222877052225e-10,1.876758609158947e-05,615,10285,3,2,2,5.097283468961254e-13,2.8635958350018088e-12,3,7,7.576284930157188e-11,1.691306576035517e-10,-1.6890383647252398,-0.1315884693354403
1014,-1.1857176302083336e-06,1.1671011648989748e-10,1.0803245646096246e-05,960,4797,2,2,1,1.2195414471253654e-13,6.078651900515493e-13,3,11,1.4707343100732498e-12,2.884207234316111e-12,-1.0906810647577383,0.0415618384945149
1015,3.7357128717948713e-06,2.835440539490516e-10,1.6838766402235397e-05,585,2900,3,1,1,4.888690585328475e-13,2.4234534525559967e-12,2,5,1.5804898832788962e-11,3.059170239662204e-11,-1.1200132656792186,0.0877690551187891
1025,-4.796416357894737e-06,2.703144259197862e-10,1.6441241617341017e-05,475,2350,2,2,1,5.751370764250771e-13,2.845415009681961e-12,10,16,9.24679032095068e-12,1.9842109353582555e-11,-1.0172802451902687,-0.2751736580111143
1036,5.175846875e-07,3.106741736016874e-10,1.7625951707686235e-05,320,1575,2,2,1,9.862672177831345e-13,4.854283962526365e-12,3,11,4.052407641825252e-11,8.238907084914953e-11,-1.191440570975259,0.3888900846229436
1043,0.9524663076923076,0.0373211152255976,0.193186736671019,65,300,1,1,1,0.0006220185870932,0.0028708550173536,0,0,0.035049922363743,0.0810645998258677,0.8356358588804493,-1.0134174028900902
1057,0.9324502307692306,0.0189435053440236,0.1376354073050378,65,300,1,1,1,0.000315725089067,0.001457192718771,1,2,0.0110157297148055,0.0226070197899008,-0.758602169817812,-0.2751094935546195
1080,0.4740980078082192,0.1801964922911667,0.4244955739358972,365,1839,2,1,1,0.0004991592584242,0.0024684450998789,2,5,0.0075728576342823,0.0119291437593097,-1.43383027249795,0.2529213295848852
1087,0.206582197755102,0.0600573847136843,0.2450660823404258,245,4200,2,1,1,0.0002070944300471,0.0012256609125241,1,2,0.0195292927092198,0.0620299476401521,0.8904942499655539,1.3900337558749554
1107,0.4392512988636364,0.107308252549828,0.3275793835848466,440,2175,1,1,1,0.0002466856380455,0.0012194119607935,2,18,0.002110077400591,0.0005099748749047,-1.6980839078701928,-0.3320659989231767
1134,0.0285457028571428,0.0027802306256092,0.0527278922924982,105,16100,1,1,1,1.2637411934587713e-05,0.0001323919345528,1,2,0.0033779692030725,0.0076860028319158,6.36860453909374,2.8087235736316587
1152,0.4541684613846155,0.1881480129579487,0.433760317408069,325,1600,1,1,1,0.0005879625404935,0.0028945848147376,2,3,0.0042276400468654,0.0008685887829187,-1.8588134788229729,0.1254413191886094
1163,0.058783464347826,0.0017047618719236,0.0412887620536583,115,14925,1,1,1,7.576719430771626e-06,7.41200813879833e-05,1,1,0.0004021197422514,0.0007213289377808,-1.676428010653943,-0.0404633188625185
1186,5.522882461687501e-07,4.16842960146881e-10,2.04167323572329e-05,800,5975,2,2,1,4.992131259244084e-13,2.6052685009180067e-12,2,3,4.926661705356364e-11,1.431265498473457e-10,-1.023088408250943,0.3349471162028714
1192,-2.436841717391304e-06,3.248474464715481e-10,1.802352480708333e-05,460,2286,1,1,1,7.123847510340969e-13,3.530950505125524e-12,4,12,4.817813928108371e-12,3.5959111826264696e-12,-0.7937499091808826,0.0148371308138016
1202,-7.918431171698112e-06,7.605351265616691e-10,2.757780133661255e-05,265,4300,2,1,1,2.453339117940868e-12,1.4349719369088091e-11,2,3,2.8026152570563867e-10,7.792734385863372e-10,-0.8727120589418691,0.3781797931699778
1207,-4.583778085106382e-06,5.151779737447049e-10,2.269753232720916e-05,235,1150,2,1,1,2.23990423367263e-12,1.096123348392989e-11,1,1,4.346159683933233e-11,7.310031778099357e-11,-1.292439740235496,-0.02645300674072
1213,-3.0813996666666667e-06,1.3621306314937654e-10,1.1671035221837717e-05,150,3222,2,1,1,7.094430372363364e-13,4.540435438312553e-12,2,4,4.063657245602996e-11,7.725926456209438e-11,-1.001771248694541,0.122915380600928
1235,-1.037596542105263e-05,2.9835868298674236e-11,5.462221919573961e-06,95,16050,1,1,0,1.4207556332702021e-13,1.5703088578249601e-12,1,1,8.014047450639888e-12,1.2971191393351824e-11,-0.1345869316644763,0.7478438990712275
1266,-1.2289274873015874e-05,3.164940983246597e-10,1.7790281007467523e-05,315,17150,1,1,1,7.360327868015343e-13,5.02371584642317e-12,1,1,8.045180807676636e-12,9.378545714464552e-12,-0.834704270477288,0.564550787074075
1321,4.942975096774194e-06,7.15679299424726e-10,2.675218307773641e-05,310,1525,2,1,1,2.3464895063105776e-12,1.154321450685042e-11,3,3,9.411911093560231e-11,2.525034523114062e-10,-0.9276668417505104,-0.4205670883144931
1352,-4.031308347826087e-06,2.839556335022182e-10,1.6850983161294127e-05,115,550,1,1,0,2.5814148500201653e-12,1.2345897108792094e-11,4,3,4.5974856608151415e-11,7.944306839406918e-11,-0.4473788611046765,-0.3838735558993096
1357,-6.186182333333333e-06,3.4089968768501656e-10,1.846346900463227e-05,60,2275,1,1,1,3.5884177651054373e-12,2.8408307307084712e-11,1,1,1.856624501033865e-10,3.1322433998470634e-10,-1.254778529775978,0.4470030046905356
1528,0.1373248909523809,0.0264823010624137,0.1627338350264434,210,1025,2,1,1,0.000129181956402,0.0006305309776765,2,2,0.0025581903431275,0.0048150693377204,-0.838264114340046,0.8628018540682961
1530,0.1031257920454545,0.0228351369598877,0.1511129940140415,220,1075,2,1,1,0.0001062099393483,0.0005189803854519,2,4,0.0018871528689717,0.001966960321945,-0.4833934721516915,1.1141460931128104
1537,0.1652215533333333,0.0436973389759011,0.2090390848044957,225,1100,2,1,1,0.0001986242680722,0.0009710519772422,2,4,0.0020945160603604,0.002143944958446,-1.0560975760865203,0.784135455331928
1539,0.0570272741935483,0.0065317663760657,0.0808193440709944,155,750,2,1,2,4.3545109173771895e-05,0.0002107021411634,2,4,0.0017496293908246,0.0040535042588144,-0.7106208613418303,0.9836163136228931
1544,0.1011498094285714,0.0163067480127425,0.1276978778709439,175,850,2,1,1,9.592204713377949e-05,0.0004659070860783,2,3,0.0014256969031124,0.0018176681124627,-1.0791361667646149,0.7583218812336878
1546,0.0653323014705882,0.0085683467187515,0.0925653645741839,170,825,2,1,1,5.19293740530399e-05,0.0002520101976103,2,4,0.0013929545015978,0.002320812298849,-0.6884292880986123,0.993782953982612
1555,0.0246109846666666,0.0008162966292827,0.0285709052933707,150,725,2,1,1,5.629631926087988e-06,2.7209887642758605e-05,3,4,0.0002148962471555,0.0003687694750785,-0.1354473007727259,1.07282330576838
1559,0.2934052052631579,0.0962895521704752,0.3103055786969922,190,925,2,1,1,0.0005204840657863,0.0025339355834335,2,1,0.0070984102162616,0.0115185982241777,-1.2393315213855032,0.5630724993382451
1567,0.2530573447368421,0.0698099758478867,0.2642157751684912,190,925,2,1,1,0.0003773512207993,0.0018371046275759,2,1,0.0087776224665086,0.0200398003351572,-1.278256619803714,0.5251729117770126
1577,0.0174887556,0.000486469262954,0.0220560482170768,125,600,1,1,2,4.053910524616805e-06,1.9458770518160664e-05,1,3,0.0002452463667291,0.0004572964928058,-0.3486100904079663,1.0919403998011832
1582,0.224215259375,0.0350341596005605,0.1871741424464408,160,775,2,1,1,0.0002260268361326,0.0010948174875175,2,1,0.0039313498624295,0.008075905226518,-1.418410145236216,0.1746227390354663
1589,0.0164235203846153,0.0006806897870106,0.0260900323305797,130,625,2,1,1,5.445518296085568e-06,2.618037642348831e-05,2,4,0.0004071697466141,0.0008906577557409,-0.3969070931086476,1.1568154585199004
1594,0.3023706285714285,0.0818679903747209,0.2861258296182309,175,850,2,1,1,0.0004815764139689,0.0023390854392777,2,1,0.0122687447181804,0.0284954367795015,-1.2665140659803484,0.4822160724615199
1604,0.0251106085714285,0.0007696168523451,0.0277419691504616,105,500,1,1,2,7.696168523451645e-06,3.664842154024593e-05,1,3,0.0002809077474972,0.0003969947971222,-1.3586870532250646,0.588535657513561
1605,0.27070324225,0.0799279670517465,0.282715346332219,200,1175,2,1,1,0.0003898925222036,0.0019981991762936,1,1,0.014983119674075,0.0383685354764964,-0.7854888984068671,0.8074528625029034
1610,0.2222985774509803,0.0949173961383772,0.3080866698485626,255,1250,2,1,1,0.0003796695845535,0.0018611254144779,1,1,0.017396462436993,0.0465005591032741,-0.4404618170167818,1.0533804808736111
1611,0.2540245142857142,0.0356418096667583,0.1887903855252125,245,1200,2,1,1,0.0001485075402781,0.0007273838707501,4,6,0.0013552809759122,0.000671405808837,-1.041315716364459,0.240443087621826
1612,0.2218382502,0.0574603477029667,0.2397088811516309,250,1225,2,1,1,0.0002345320314406,0.0011492069540593,3,2,0.0057240940265276,0.0124528972603798,-0.6232460295887932,0.9217887731439734
1615,0.1978706396551724,0.0560450962670955,0.2367384554040502,290,1425,1,1,1,0.0001966494605863,0.0009662947632257,2,8,0.0017860536445235,0.0004047555079246,-0.2358312237754241,1.125432436142498
1621,0.235756723076923,0.0266264421794171,0.163176107869434,260,1275,2,1,1,0.0001044174203114,0.0005120469649887,4,6,0.0012481133059717,0.0016214000682656,-1.4254465616824583,-0.4299197345944403
1625,0.2283700658928571,0.0359153796338519,0.1895135341706547,280,1375,1,1,1,0.0001306013804867,0.0006413460648902,2,12,0.0008522590481018,0.0001197122923936,-1.3224942306027594,0.1805405004343642
1626,0.2249020269354839,0.0575909341269165,0.2399811120211682,310,1525,1,1,1,0.0001888227348423,0.0009288860343051,3,7,0.0014624492724936,0.0011859411947686,-0.9348189338253832,0.7274913545415512
1629,0.2380299033333333,0.0592207482670748,0.2433531349029119,270,1325,1,1,1,0.0002234745217625,0.0010966805234643,2,9,0.0013236733375409,0.0002012716968226,-1.1275932625194776,0.6269289274685995
1630,0.2496532351851852,0.0379665724672482,0.1948501282197376,270,1325,2,1,1,0.000143270084782,0.0007030846753194,3,4,0.0012687310245569,0.001201198132892,-1.51828649573882,0.0634336205125106
1632,0.2054630355932203,0.0897122845306023,0.2995200903622365,295,1450,2,1,1,0.0003093527052779,0.0015205471954339,3,3,0.0039393427865072,0.0055958993177589,-0.3748340244594694,1.1075242440878377
1634,0.1899672496721311,0.0265926834522597,0.1630726324441344,305,1500,2,1,1,8.864227817419926e-05,0.0004359456303649,2,3,0.0013962850941325,0.0027164575679594,-1.6860096316706707,-0.0576080010450553
1638,0.1982335548387096,0.0357897908535953,0.1891818988529171,310,1525,1,1,1,0.0001173435765691,0.000577254691187,3,5,0.0008657585753967,0.0003385843178933,-0.9892540154018948,0.529038524341005
1641,0.1948783812499999,0.0607762554158083,0.2465284069145144,320,1575,2,1,1,0.0001929404933835,0.000949628990872,1,1,0.0078470531161295,0.0207762416046825,-0.5445896984313778,0.9817396313419472
1642,0.1889447567164179,0.0281958024068155,0.1679160576205134,335,1650,2,1,1,8.544182547519875e-05,0.0004208328717435,3,5,0.0008865718449039,0.001007761977631,-1.4820622712818636,0.1095714524927942
1646,0.1866468684722222,0.0576029016582321,0.2400060450451865,360,1775,3,1,1,0.0001622616948119,0.0008000403008087,2,1,0.009520890442412,0.0256100828615575,0.1971409960131613,1.2742384118361552
1647,0.2117701201315789,0.0373623817992321,0.1932935120464008,380,1875,2,2,1,9.963301813128564e-05,0.000491610286832,4,8,0.0009297843459618,0.0001969742647187,-1.0785525587938272,0.3587913981094373
1651,0.2224596611428571,0.0470461502825239,0.2169012454609792,350,1725,2,1,1,0.0001363656529928,0.0006720878611789,2,9,0.0011112610603329,0.0002994467918799,-0.4415632045461959,0.8621780645826878
1653,0.0978961633333333,0.0042162409410156,0.0649325876660991,150,725,2,1,1,2.907752373114245e-05,0.0001405413647005,2,3,0.001724262547868,0.0029598075705495,-1.0747009385612698,0.3019568614729687
1658,0.2516428833333333,0.0599403326481163,0.244827148511182,360,1775,2,2,1,0.0001688460074594,0.0008325046201127,3,4,0.0013982619864608,0.0003118989142365,-0.4640203572039278,0.8426599180494739
1662,0.0263143247222222,0.0015628962081327,0.0395334821149463,180,875,2,1,1,8.93083547504446e-06,4.3413783559243896e-05,3,4,0.0006216870294309,0.0014320874501407,-0.4282286881486756,1.0806704737394484
1664,0.0319317052631578,0.0023521846859236,0.0484993266543326,190,925,2,1,1,1.2714511815803552e-05,6.189959699799097e-05,3,3,0.0008502896188627,0.0016332321735266,0.1079537580961371,1.260955170388785
1668,0.0530667013157894,0.0052750032045414,0.0726292172926393,190,925,2,1,1,2.8513530835359006e-05,0.0001388158738037,2,3,0.0015519396374769,0.0030174060418057,-0.539399714250766,1.0151969622840171
1672,0.1730705693877551,0.0253543095195882,0.1592303661981226,245,1200,1,1,1,0.0001056429563316,0.0005174348881548,4,6,0.0007557901491261,0.0003773766655204,-1.4718032968980077,0.4611446023192008
1690,0.1009535480769231,0.0106495113209144,0.1031964695176846,260,1275,2,1,1,4.176278949378203e-05,0.0002047982946329,2,5,0.0009192504447867,0.0015593992262331,-1.0540612066423136,0.7274699784225874
1694,0.144703274137931,0.0308718510536426,0.1757038731890751,290,1425,2,1,1,0.0001083222843987,0.0005322732940283,2,2,0.0026846404912481,0.0063341299567784,-0.9603006935493535,0.811583290056551
1696,0.1111510257142857,0.0255604999081464,0.159876514560915,350,1725,2,1,1,7.408840553085935e-05,0.0003651499986878,3,3,0.0020441398618776,0.0048322816850505,-0.6276608953148415,1.027739772679969
1698,0.233798219047619,0.0842809057294893,0.2903117388764867,420,2075,2,1,1,0.00020308651983,0.0010033441158272,1,2,0.0036368617420585,0.0088086788293009,-1.0105092326694127,0.7851635929664611
1702,0.2627979173529411,0.1021312180696726,0.3195797522836399,340,1675,2,1,1,0.0003048693076706,0.0015019296774951,2,2,0.0060036475577601,0.0142014986575259,-1.0129065487719895,0.7730757019961408
1708,0.2961731813235295,0.1152576404523062,0.3394961567563118,340,1675,2,1,1,0.0003440526580665,0.0016949653007692,1,1,0.0112671999752035,0.0300452794942408,-1.0646063560078491,0.7256883999804471
1714,0.1686966702702702,0.0234992699308507,0.1532947159260577,185,900,3,1,1,0.0001305514996158,0.0006351154035365,3,5,0.0123628284698218,0.0277270563253853,2.061673923482986,1.774506032761746
1715,0.157277114375,0.0581274137119793,0.2410962747783119,240,1199,2,2,1,0.0002452633489956,0.0012109877856662,1,2,0.0166621535371518,0.0328770626716558,1.3686948839035835,1.6609365486027905
1717,0.0607941259523809,0.0119421076973584,0.1092799510310948,210,1025,2,2,1,5.82541838895536e-05,0.0002843358975561,1,2,0.0054183805089712,0.0115403540966287,3.278364754593902,2.0940659176294707
1718,0.12794355375,0.0427640054367221,0.2067945972135688,200,975,3,2,1,0.0002193025919831,0.001069100135918,2,4,0.0406577678415155,0.1076491505162741,1.3284876814436686,1.6056938361496074
1719,0.3305022972222222,0.1490233208641437,0.3860353880982205,180,875,2,1,1,0.0008515618335093,0.0041395366906706,2,3,0.0459774867592625,0.0961598527669834,-0.8658019684742184,0.8167309088887424
1723,0.3123967329411765,0.1434197457777045,0.3787079953971192,170,825,2,1,1,0.0008692105804709,0.0042182278169913,2,3,0.032812591443596,0.0654933051934442,-1.1201544797274157,0.7804584951090155
1724,0.121847269,0.0511389562177589,0.2261392407738183,200,975,3,2,1,0.0002622510575269,0.0012784739054439,2,4,0.0413059340519708,0.1072909199724022,1.813093811922629,1.8116260026050173
1726,0.3097762523809523,0.1686515875054168,0.410672116785906,105,500,2,1,1,0.0016865158750541,0.0080310279764484,2,2,0.0850601132229089,0.2370171499536495,-1.1378673647947268,0.7938081443067161
1727,0.2096417563157894,0.0803090987583701,0.2833886002618492,95,450,2,1,1,0.0008923233195374,0.0042267946714931,2,3,0.0751413122050478,0.2456558421232697,-1.0596690417199894,0.8477825721084358
1737,0.0137168389403973,0.0009005286529049,0.0300088095882682,453,452,2,2,2,1.992320028550748e-06,1.9879219710925784e-06,8,36,1.2051229478820796e-05,9.467052018828384e-06,3.676077196237887,2.207968777845431
1739,0.0305966228484848,0.0038573019958948,0.0621071815162695,495,494,2,2,1,7.808303635414692e-06,7.792529284636075e-06,16,44,1.0640899365974087e-05,6.119725884676269e-06,1.5216641614514357,1.798133755551808
1742,0.0558026168735632,0.0028689062512964,0.0535621718314004,435,434,5,2,2,6.610383067503385e-06,6.595186784589584e-06,35,89,6.182602290641769e-06,8.788053905224474e-06,-0.2387912765837208,0.8549693517030266
1743,0.0264482610697674,0.0009459002794484,0.030755491858341,430,429,3,2,2,2.204895756290168e-06,2.1997680917406563e-06,12,45,1.5911989109412123e-05,1.8707024395367595e-05,0.5420640732132198,1.1929384606901472
1747,0.015136826112676,0.0011064633168869,0.0332635433603658,355,354,2,1,1,3.1256025900761043e-06,3.1167980757378617e-06,4,21,1.4896891926112995e-05,1.109838299464193e-05,2.261875073757928,1.995336791104324
1768,0.0059516542776203,0.0001741676869847,0.0131972605863774,353,352,5,2,1,4.947945652975908e-07,4.933928809766345e-07,7,20,1.0318367543568753e-05,1.444565506959886e-05,3.136704599804367,2.1360547250641617
1772,0.0251077328368794,0.0018975210978149,0.0435605451964847,423,422,6,1,1,4.496495492452593e-06,4.485865479468072e-06,32,45,1.231558797550664e-05,1.3905708298078389e-05,1.1015607888192598,1.6105038334748891
1773,0.0422031018518518,0.0031337293785815,0.0559797229234079,405,404,2,1,1,7.756755887578041e-06,7.737603403905008e-06,38,77,1.0676775672485604e-05,1.0152919050263044e-05,0.4142055675310878,1.3880933048380923
1774,0.0872241507677902,0.0134383291296256,0.1159238074324063,534,533,2,1,1,2.5212625008678467e-05,2.516541035510416e-05,83,126,1.5321184120174488e-05,1.544535390507895e-05,0.6458721370897269,1.4407521972007058
1776,0.1546062842577031,0.0328883465591848,0.181351444877577,357,356,2,1,1,9.238299595276644e-05,9.21242200537391e-05,22,86,3.119086542059258e-05,1.7605906354007656e-05,-1.2093152568628651,0.6891624235406623
1779,0.0554463810381355,0.0081879163137146,0.0904871057870384,472,471,3,2,1,1.7384111069457933e-05,1.7347280325666707e-05,23,56,1.3252857618459448e-05,7.64705425436128e-06,-0.1325529870044373,1.2656108133992885
1781,0.1062420029475982,0.0191630611418877,0.1384307088108985,458,457,2,1,1,4.193230009165815e-05,4.184074485128335e-05,19,45,1.4848986790241577e-05,1.4626195894651315e-05,-0.8963981234648655,0.865647938486684
1800,-8.375030533783784e-06,6.341295599080263e-10,2.5181929233242363e-05,740,10891,5,2,1,7.780730796417502e-13,4.284659188567745e-12,5,9,5.1147784565706985e-11,1.3438547390688562e-10,-1.0635554134401008,0.1570950353432822
1804,2.3139875663461534e-05,8.966620521035037e-10,2.994431585632745e-05,780,20750,2,1,1,9.96291169003893e-13,5.7478336673301506e-12,2,3,3.143740975919186e-11,6.136023996396869e-11,0.1449144505661888,-1.1793362184602392
1810,1.5332640294642856e-05,3.1960478327479187e-10,1.787749376380235e-05,1120,5575,12,4,3,2.8664106123299723e-13,1.4268070681910353e-12,12,21,2.474553953379042e-10,7.053767874245123e-10,1.5847302560567176,0.6517728758988862
1811,3.1775917642857136e-06,4.840165732278672e-10,2.200037666104531e-05,700,3475,6,2,1,6.964267240688736e-13,3.4572612373419084e-12,7,10,1.4781280346737346e-10,4.0483056789630175e-10,0.1832392950011208,0.3932562302724324
1815,-2.303626871717173e-06,3.8428430403974887e-10,1.9603170764948943e-05,990,4925,6,3,1,3.901363492789329e-13,1.94082981838257e-12,6,8,1.411211142025681e-10,3.7332842670152686e-10,1.7198640966306211,0.7937532076371356
1817,-1.9524160754716984e-06,7.580032671895224e-10,2.753185913064213e-05,530,2625,3,1,1,1.443815747027662e-12,7.150974218769081e-12,3,12,5.0345882883986266e-11,7.743266987492675e-11,-1.2606820415412114,0.0632660098129861
1939,5.594184948453608e-06,2.714402116090003e-10,1.6475442683248312e-05,485,2400,3,1,1,5.655004408520839e-13,2.798352697000003e-12,2,3,3.3615031170676955e-11,8.070916509977308e-11,-1.3550270276375522,-0.0147327999157271
1942,1.1027805310377358e-05,1.9878360408307623e-10,1.4099063943506187e-05,530,2625,2,2,1,3.786354363487167e-13,1.8753170196516626e-12,1,3,1.0458552265969379e-11,1.9796667552918124e-11,-1.1815836891205838,-0.0094600712060504
1945,-1.8879913172839503e-05,2.901333194412552e-10,1.7033300309724338e-05,405,2011,3,1,1,7.235244873846764e-13,3.5818928326080884e-12,19,20,7.961135874124427e-12,1.9613949485405974e-11,-1.2821003078542097,-0.2098005535002576
1946,3.2986824590163933e-06,3.5344536800389387e-10,1.8800142765518933e-05,305,17617,2,1,1,8.355682458720897e-13,5.7941863607195716e-12,6,7,2.3213769421795554e-11,5.301344409476887e-11,-1.454176304818026,0.0787713475903819
1947,-1.0565160971428572e-05,2.6745137779327707e-10,1.6353940742013132e-05,350,1736,3,1,1,7.729808606742111e-13,3.820733968475387e-12,3,3,4.191203493568416e-11,8.022784782124378e-11,-1.000596273947046,-0.3254217182725709
1948,-4.6737670373134325e-06,4.2527554610465536e-10,2.0622210019894945e-05,670,5325,2,2,1,6.032277249711424e-13,3.1736981052586224e-12,5,6,7.019435190200691e-11,2.0357665359354046e-10,-0.9653486898338342,-0.4739561026632691
1950,1.066272046875e-05,3.4216677649554376e-10,1.8497750579341907e-05,480,2375,2,2,1,7.203511084116712e-13,3.5642372551619146e-12,2,3,1.8004328840821903e-11,3.5166002799645895e-11,-0.2682115955795616,-0.7112639414741366
1951,3.5545548450704213e-06,4.681177823633438e-10,2.1636029727363198e-05,710,19176,1,1,1,5.681041048098832e-13,3.2966041011503084e-12,2,1,2.492768171223371e-12,4.805527831043453e-12,-0.9360550922389606,-0.6065381011369992
1952,7.5355451375e-06,5.721083777223377e-10,2.3918787128998364e-05,400,7575,1,1,1,1.2303405972523394e-12,7.151354721529223e-12,4,8,3.738736094511428e-12,2.9474576580496927e-12,-0.7158860598449315,-0.5747516098498767
1961,4.732425087719299e-07,2.762628523936228e-10,1.662115677062288e-05,285,1433,2,1,1,9.831418234648498e-13,4.846716708660049e-12,1,2,2.089740205691867e-11,5.4024114232563007e-11,-1.2987933921195367,-0.133055752253307
1963,3.65106231147541e-06,4.359278057642187e-10,2.0878884207835885e-05,305,1533,2,1,1,1.4482651354292982e-12,7.1463574715445685e-12,1,2,3.621849509045718e-11,6.719709321399073e-11,-1.238481956695033,0.0031113877726803
1969,-1.061743655172414e-06,8.260075669951461e-10,2.8740347370815583e-05,290,4425,2,1,1,2.4656942298362574e-12,1.4241509775778384e-11,2,4,1.5052434726494176e-10,3.6486890376640956e-10,-1.100029847021582,0.4747306260283037
1972,4.21977765625e-06,1.7340883226624214e-10,1.3168478737737409e-05,160,3261,1,1,1,8.627305087872744e-13,5.419026008320068e-12,1,3,1.328849011655312e-11,1.4878218612177883e-11,-1.1294459147313782,-0.4197726761970249
1974,2.7345076315789492e-08,2.4455471666385825e-10,1.5638245319212073e-05,190,936,2,1,1,1.3148103046443993e-12,6.435650438522585e-12,2,2,3.240600932085093e-11,5.588526460072602e-11,-1.0291234720236466,-0.2831646977121878
1997,-3.710702432432433e-05,4.416109882994887e-11,6.645381767058148e-06,185,15275,1,1,0,1.496986401015216e-13,1.1935432116202397e-12,2,2,6.504589866820991e-12,1.3006116853142864e-11,-1.2837920932162326,0.3522458095427211
2000,2.7018313387096777e-06,3.503179669074109e-10,1.8716783027737724e-05,310,1525,3,1,1,1.148583498057085e-12,5.650289788829208e-12,2,3,1.9377831669650744e-10,5.680516372283762e-10,0.2751138813205216,0.3768986283623968
2007,-1.078147862222222e-05,3.164439972399922e-10,1.7788872849059106e-05,225,7475,1,0,0,1.0726915160677701e-12,7.032088827555382e-12,2,9,3.563345971352221e-12,4.267483102240388e-12,-0.9404732282351668,-0.7609767107088559
2008,5.071793023255815e-06,4.3865254145216057e-10,2.094403355259346e-05,215,3050,1,1,1,1.7546101658086425e-12,1.0201221894236291e-11,2,2,1.665746959804739e-11,1.1186018187480787e-11,-1.3948281468525303,-0.3634894945104616
2013,3.871657979591837e-06,5.558118690188564e-10,2.3575662642200677e-05,245,1200,3,1,1,2.3158827875785684e-12,1.1343099367731762e-11,3,4,7.72860905729397e-11,1.682824372571117e-10,-0.9654069226587798,-0.2239701504739549
2022,-2.0241685e-06,4.4293804398887774e-10,2.1046093318924485e-05,200,2975,3,1,1,1.884842740378204e-12,1.1073451099721948e-11,3,3,2.562069588280245e-10,8.61022126448005e-10,0.4396557477427865,0.8017510297206263
2026,-5.373102222222227e-07,6.083054350272955e-10,2.466384874725142e-05,225,1100,1,1,1,2.7650247046695248e-12,1.3517898556162122e-11,3,3,2.603506795644008e-11,3.334006068772244e-11,-1.149009005201655,-0.2904759665055366
2053,-1.1464999782608693e-06,2.920587197669789e-10,1.7089725561488076e-05,230,1125,3,1,1,1.2980387545199064e-12,6.349102603629977e-12,2,4,4.3519254388447936e-11,8.255584960082022e-11,-0.5332121014135613,-0.423526214619388
2069,9.016336519607842e-06,3.828828020776236e-10,1.95673912946418e-05,255,1250,1,1,1,1.5315312083104945e-12,7.507505923090658e-12,5,7,9.681369791676527e-12,9.061556303678248e-12,-1.046049035116299,-0.3423723032234838
2070,-2.84764764e-06,3.901940336588528e-10,1.975332968536831e-05,325,1617,2,1,1,1.2155577372549932e-12,6.0029851332131196e-12,9,10,1.7636711973765158e-11,4.2478022664613786e-11,-1.4264841179812764,0.1220441738228388
2071,-1.4941875342857145e-05,1.4962660395157779e-10,1.2232195385603427e-05,245,1200,3,1,1,6.234441831315742e-13,3.0536041622770977e-12,3,6,3.9987172363877215e-11,8.324393643922812e-11,-1.4425646090428537,-0.1935645959365123
2072,-1.295550108e-05,1.1414847411988591e-10,1.0684028927323529e-05,250,1225,2,2,1,4.659121392648405e-13,2.2829694823977186e-12,1,2,4.404785011841059e-11,9.065094585464782e-11,-1.3357697192577875,-0.1694695980992651
2073,1.0273315727272727e-05,4.718557150055821e-10,2.1722240101002065e-05,275,1350,2,1,1,1.7476137592799341e-12,8.579194818283313e-12,1,2,3.8858449726644756e-10,1.3086576440119082e-09,0.2405576021230548,-0.6819903080093447
2084,3.7984639130434778e-06,2.7175452747894554e-10,1.6484978843751835e-05,115,550,2,1,3,2.4704957043540505e-12,1.1815414238215024e-11,1,1,1.972943785391901e-10,5.724663369044202e-10,-1.208027091501764,-0.1825681424103514
2102,5.780094733333334e-06,5.817015696103628e-10,2.411849020171791e-05,75,2350,1,1,1,5.288196087366935e-12,3.878010464069086e-11,1,1,7.586736207491608e-11,2.1356116310775764e-11,-0.6501473173441519,-0.6478003265852122
2106,-2.680279375e-06,5.319853498134807e-10,2.306480760408551e-05,80,399,2,3,2,6.908900646928322e-12,3.324908436334255e-11,1,1,4.980067029367332e-10,1.404658171359439e-09,-1.4822665220330735,0.0506990291154011
2115,2.1389260555555557e-05,2.0574934286963856e-10,1.434396538163832e-05,180,875,2,1,1,1.175710530683649e-12,5.7152595241566265e-12,1,2,6.79151529115347e-11,1.3705846221143607e-10,-1.3499943620241557,-0.011812036806588
2123,-1.4362516333333334e-05,2.918612655847232e-10,1.7083947599566183e-05,150,725,2,1,2,2.012836314377401e-12,9.728708852824104e-12,1,1,2.448747682363563e-10,7.221564984273711e-10,-0.9802842928991726,-0.1844185736194987
